英雄联盟,344065
地下城与勇士,245529
穿越火线,88471
QQ飞车,57030
逆战,51019
魔兽3冰封王座,50840
QQGame,30895
QQ炫舞,20407
剑灵,15844
守望先锋,14425
坦克世界,10425
NBA2KOL,10261
天涯明月刀,10057
热血传奇,9507
魔兽世界,9186
剑网3,8049
梦三国2,6566
九阴真经,6518
枪神纪,5853
使命召唤Online,5719
炉石传说,5187
Dota2,4498
天谕,4255
战争雷霆,4244
梦幻西游电脑版,4228
流星蝴蝶剑,3705
战舰世界,3486
星际战甲,3405
新寻仙,3064
决战武林,2874
反恐精英Online,2709
劲舞团,2679
大话西游2免费版,2620
诛仙3,2614
斗仙,2598
圣斗士星矢,2585
奇迹,2543
最终幻想14,2519
灵剑封魔录,2488
新天龙八部永恒经典版,2303
炫舞时代,2145
我的世界,2081
洛奇英雄传,2078
斗战神,2051
艾尔之光,1886
FIFA Online 3,1875
新倩女幽魂,1862
街头篮球,1856
亲朋棋牌,1795
御龙在天,1756
疾风之刃,1675
魔域,1588
300英雄OL,1553
跑跑卡丁车,1410
无尽战区,1381
魔法王座,1361
共和国之辉,1333
刀锋铁骑,1310
暗黑破坏神III,1249
街机,1228
星际争霸2,1211
91y街机捕鱼,1210
风暴英雄,1168
Steam,1097
上古世纪,1082
求生之路2,1048
大唐无双零,1047
征途,1037
地下城,991
主宰西游,943
盗墓笔记,926
CS1.6中文版,921
水浒传OL,878
巴适棋牌,875
蜀山缥缈录,815
反恐行动,791
王者荣耀模拟器版,790
冒险岛online,790
天下3,784
远征2,777
战地之王,774
JJ斗地主,765
大战神,757
怪物猎人Online,755
梦想世界,753
传奇永恒,739
剑雨江湖,727
QQ音速,706
突击英雄,697
反恐精英之全球攻势,657
征途模拟器版,655
中国象棋大师2010,637
巫神归来,621
龙之谷,607
自由篮球,582
起凡群雄逐鹿,543
烟雾头模式,531
西楚霸王,528
红色警戒2,523
求生之路整合版,511
极品飞车9,497
幻城,482
画江山,473
CS1.5,467
黄金岛,464
GT劲舞团2,458
天堂,456
蓝月传奇,451
征途2,446
九阴绝学,446
梦塔防OL,443
零点棋牌游戏中心,441
梦想世界2,427
不败传说,401
黄金海岸,391
NBA2K16,386
女神联盟II,370
龙武2,365
第十域,362
300英雄,356
魔兽王座,350
风云无双,344
笑傲江湖OL,337
梦塔防,335
大天使之剑,327
NBA2k15,314
全球使命2,313
英雄三国,306
神之浩劫,303
官方梦幻西游手游版,301
反恐精英Online2,301
我是大主宰,300
新大话西游3,296
完美国际2,289
街游对战平台,287
敢达前线指挥官,285
梦三国,284
轩辕剑,284
雪鹰领主,275
诺亚传说,272
新蜀门,271
梁山传奇合击版,270
赤月传说2,265
永恒之塔,255
武魂2,250
新天龙八部3D唯美版,250
轩辕传奇2,243
小小精灵,241
封印者,239
零纪元,237
范伟打天下,235
虐杀原形,232
传奇盛世,226
大国,222
实况足球8,217
英魂之刃,213
忍者村大战2,209
诸神黄昏,205
方舟之生存进化,204
剑侠情缘模拟器版,202
奇迹封魔录,199
古剑奇谭web,198
极品飞车17Win7版,193
星际争霸,192
温柔刺客,191
三位一体,188
修罗王,181
村长征战团,180
天翼决,179
佛本是道OL,178
凡人修仙传Online,177
仙侠道2,176
神鬼传奇,176
究极数码暴龙模拟器版,172
K7街机捕鱼,168
刀剑英雄,164
虐杀原形2,162
XY变态传奇1.76版,158
天之禁,157
绿色征途,155
脑力元素,153
醉逍遥,151
同城游戏,150
QQ三国,148
游戏星城,145
彩虹岛,143
侠盗猎车5,143
通天西游,142
镇魔曲,127
使命召唤11,127
大闹天宫,126
龙腾世界,126
铁血皇城,125
骑马与砍杀战团,124
波克城市,119
英雄联盟韩服,118
红警2尤里的复仇,118
火影忍者模拟器版,117
饥荒,116
七日杀,115
暴力摩托,115
新水浒Q传,115
CS七龙珠,115
犯罪都市3,113
真三国无双7,112
EVE,112
使命召唤8,110
勇者大冒险,108
激战2,107
森林,107
竞舞台,106
凤舞江湖,105
QQ幻想,104
合体三国H5版,103
丧尸围城3,102
御龙在天模拟器版,101
影武者,99
三国志12威力加强版,96
热血江湖,96
英雄领主,95
英雄无敌3死亡阴影,92
雄霸九州,91
血战上海滩,91
英雄联盟大脚,90
机动战士敢达OL,89
罗马II之全面战争,88
斯堪尼亚重卡驾驶模拟,86
武神赵子龙,85
春秋Q传,85
御龙在天经典版,84
天谕测试服,84
真三国无双5,82
神武2,81
黑暗之光3D,77
上古卷轴5,76
泡泡堂,75
NBA2K14,74
剑灵大脚,74
问道,73
生化危机6,72
NBA2008,71
极品飞车18 Win7版,71
红色警戒3,71
顺网游戏盒子,70
东印度公司,70
莽荒纪,68
全民斗战神模拟器版,68
唐门六道,67
魔域世界,67
梦幻之星伊尔米娜斯的野望,67
传奇霸业,67
明星三缺一,65
武圣,64
天书世界,64
火影忍者之究极忍者风暴3,64
三国杀OL,63
斗破苍穹,62
临海幽幽游戏,62
使命召唤7,61
苍穹变,60
帝国时代3,59
真三国无双6,57
极品飞车14,57
小霸王游戏机合集,57
欧洲卡车模拟 2,57
大圣,56
古墓丽影9,56
画皮世界,53
罪恶都市,52
魔域众神之巅,52
合金装备5原爆点,51
新热血英豪,51
奇迹归来,50
魔兽超级助手,50
鬼泣5,49
完美红颜柳岩,48
帝国2,47
植物大战僵尸,46
英雄连抵抗前线,45
酒神,45
辐射4,44
七杀,44
炫斗之王,44
大话西游模拟器版,44
使命召唤12,44
杀手5之赦免,42
合金装备崛起之复仇,42
征服,42
天天酷跑3D模拟器版,40
魔幻英雄,39
西游网完美红颜柳岩,38
真三国无双4,37
消逝的光芒,37
风云之永恒战域,36
热血传奇模拟器版,36
使命召唤10,36
进化,36
QQ华夏,36
幸存者OL,34
龙珠之超宇宙,34
狙击手之幽灵战士,34
实况足球8国际版,34
QQ仙灵,33
孤岛危机3win7版,32
魔侠传,32
迅雷我欲封天,32
海贼无双3,31
赖子山庄,31
模拟人生4,30
变形金刚,30
孤单枪手2,30
城市天际线,30
拳皇13,29
空甲联盟,29
热血三国3,28
剑侠情缘3体验服,28
真三国无双7帝国,28
终极火力,27
大皇帝,27
神谕之剑,27
九阴绝学Ⅱ红包版,27
海战世界,26
鬼泣4特别版,26
武林外传,26
战机世界,26
狙击精英3,25
剑三盒子,25
游戏王之混沌力量,25
越野飞驰,25
溧阳同城游戏,25
荒岛求生,25
Origin,25
鬼泣4,25
赤月传说,24
骑马砍杀火与剑,24
传奇世界,24
吞噬苍穹,24
风暴战区,24
坦克世界HD版,23
战地叛逆连队2,23
QQ堂,23
这是我的战争,23
使命召唤OL体验服,23
英雄连2阿登突击,23
罗马帝国,22
QQ幻想世界,22
特种神枪手4,22
刀剑2,21
QQ仙侠传,21
拳皇wing,21
模拟山羊,21
美眉麻将,21
三国争霸2,21
剑侠世界模拟器版,21
征途2经典版,20
QQ自由幻想,20
盟军敢死队2,20
极光世界武帝降临,20
帝国时代2高清版,20
开心斗地主,20
实况足球2016,20
武装突袭3Win7版,19
无主之地2,19
5399梁山传奇,19
阿达连连看,19
盗贼飞车,19
天问,19
极品飞车16Win7版,19
旋转轮胎,18
星际争霸1.14,18
极品飞车10,18
幻想神域,18
兽人必须死2,18
侠盗勇士,18
最后一炮,18
深海美战姬,18
西游网魔法王座,18
火影忍者之究极忍者风暴4,18
丧尸围城2,18
二战狙击手,17
三国战纪2,17
英雄连勇气传说,17
红色警戒3起义时刻,17
钢铁侠,17
红色警戒2解放台湾,17
王者之光,17
大鱼吃小鱼,17
死亡岛,16
孤单枪手,16
愤怒的小鸟,16
无限试驾,16
街头霸王4,16
幻想联盟,16
实况足球2013,16
足霸天下2,15
2144盗墓笔记,15
NBA范特西,15
九鼎记,15
大冲锋,14
孤岛危机2,14
蜘蛛侠,14
西游网决战武林,14
全民突击模拟器版,14
鬼寺,13
古墓丽影10周年纪念版,13
神魔大陆2,13
天龙八部,13
战地2142,13
超神英雄,13
孤岛危机,13
爱奇艺幻城,13
极品飞车15,13
元游棋牌,13
模拟飞行10,13
合金装备5之幻痛,13
是男人下100层,13
花千骨,12
命令与征服3凯恩之怒,12
18轮大卡车极限卡车司机2,12
黎明之光模拟器版,12
模拟驾驶2011,12
九乐棋牌,12
刀剑物语,12
青鹏棋牌,12
九州天空城,12
三国之全面战争,12
正当防卫2Win7版,12
米乐汇,12
生化危机4,12
盛世征途,12
侠盗列车5,11
主宰西游记,11
劲爆极限滑雪,11
狙击精英2Win7版,11
莽荒纪II,11
冒险岛2,11
神魔诛天,11
全职大师,11
植物大战僵尸2,11
最终幻想13,10
三国武神,10
生化危机5,10
魔兽小助手,10
寂静岭5,10
暗黑破坏神3亚洲服,10
青云志,10
三国战纪1,9
抢滩登陆2002,9
菲动大主宰,9
疯狂山地自行车,9
英杰传4织田信长传,9
神奇蜘蛛侠2,9
文明5,9
51新炫舞,9
三国志11威力加强版,9
热血无赖,9
仙侠世界,9
模拟城市5之未来之城,9
火炬之光2,9
黑暗之魂3,9
冥界警局,9
梦幻西游手游版,9
NBA 2K12,9
镜之边缘,9
超级捕鱼达人,9
变形金刚之暗焰崛起,8
侠盗人生,8
寻龙记,8
37战国之怒,8
xy蓝月传奇,8
地下切尔诺贝利,8
大山摩托,8
实况足球2012,8
魔唤,8
劲乐团单机版,8
游戏茶苑,8
祖玛,8
古墓丽影8,8
孢子,8
古墓丽影之崛起,8
合金弹头,8
血战缅甸,8
仙剑神曲,8
麻将连连看,8
大家来找茬2,8
台球学校,8
魂斗罗,8
斗三国,8
战地1942,8
罪恶装备XX,8
枪神,8
TERA,8
火影忍者,8
斩龙传奇,7
赤壁之战,7
混沌战域,7
龙破九天,7
NBA 2K13,7
战争之人之突击小队2,7
永远的超级玛丽,7
果蔬连连看,7
巴士驾驶员,7
王牌对决,7
恶灵附身,7
37变态一刀9999级,7
狙击精英之纳粹僵尸部队win7版,7
剑侠世界2,7
忍者神龟2并肩作战,7
格斗江湖,7
狙击精英,7
战地2,6
NBA2K10,6
Dota2超级助手,6
NBA 2K11,6
补天志Online,6
攻城掠地,6
坠星大陆,6
贪吃蛇,6
打造世界,6
地铁最后的曙光,6
地城之光,6
无人深空,6
暗黑破坏神2之毁灭之王,6
植物大战僵尸OL,6
斩魂,6
网吧专属加速器,6
神话2,6
龙之信条之黑暗觉者,6
妖萌战姬模拟器版,6
暗黑血统2Win7版,6
死亡鬼屋,6
秀丽江山,6
新流星搜剑录,6
质量效应3,5
变形金刚之塞伯坦之战,5
极品飞车ONLINE,5
英雄道online,5
桌球大师,5
飚车世界,5
古墓丽影7,5
中国卡车模拟,5
帝国之全面战争,5
战地之王激爽版,5
最终兵器,5
战国之怒,5
漂流战机,5
蜘蛛侠3,5
第九大陆,5
蜡笔小新4,5
魔龙之戒,5
宝石迷阵3,5
宝马M3挑战赛,5
新天堂II,5
绿巨人中文版,5
腐烂国度,5
鬼刃,5
51盗墓笔记,5
搜狗蓝月传奇,5
决战海贼王,5
铁骑三国,5
实况足球2015,5
蝙蝠侠之阿卡姆骑士,5
英雄联盟台服,5
终极街头霸王4,5
光荣使命,5
抢滩登陆2000,5
行尸走肉,4
天天炫斗模拟器版,4
国家的崛起爱国战争,4
3D平衡球,4
热血江湖传,4
洛神,4
要塞2,4
淮安掼蛋,4
龙武2送英雄皮肤,4
泰拉瑞亚,4
武神赵子龙II,4
武装突袭,4
沭阳游戏网,4
18轮大卡车穿越美国,4
地球帝国3,4
沙巴克传奇手游版,4
QQ对战平台,4
战争机器,4
3D魂斗罗,4
星球大战原力释放2,4
星河战队,4
别惹三国,4
中国象棋大战,4
极品飞车8,4
暴雪游戏,4
雄霸天下,4
时光之刃,4
孤岛危机：弹头,4
星辰变,4
英雄萨姆3,4
7k7k蓝月传奇,4
永远的马里奥,4
多玩DOTA2盒子,4
极品摩托2,4
完美世界,4
联众世界,4
家园2,3
实况足球2014,3
Cs1.6亿塞中文版,3
天命西游,3
子弹风暴,3
大嘴棋牌,3
天天棋牌,3
重返德军总部,3
3737侠客行,3
失落的星球3,3
3D坦克大战,3
失落的星球2,3
天黑请闭眼,3
天魔幻想模拟器版,3
幕府将军2之全面战争,3
捕鱼达人,3
越狱,3
生化危机启示录2,3
极品飞车12,3
极品飞车11,3
极品摩托,3
琅琊榜,3
冲击,3
决战武林公测,3
神器传说2,3
经典9球,3
积木弹球,3
三角洲特种部队极限版2,3
地球帝国2,3
三角洲特种部队极限版,3
三国英杰传ol,3
新月传奇,3
狙击精英之纳粹僵尸陆军2win7版,3
极品飞车7,3
极度恐慌3,3
狙击手之胜利的艺术,3
传奇世界H5版,3
传送门2,3
梦幻诛仙2,3
火影疾风坛,3
火影忍者究极忍者风暴革命,3
全球使命,3
全民枪王手游版,3
使命召唤1中文,3
海岛大亨5win7版,3
光晕1,3
死亡岛之激流,3
死亡核心,3
侠盗猎魔2,3
新惊天动地,3
新飞飞,3
哈利波特与消失的密室,3
经典超级玛丽,3
打野鸡,3
恋战,3
反恐精英起源,3
萌萌小人大乱斗,3
挺进地牢,3
蒙特祖玛的宝藏,3
行尸走肉之生存本能,3
忍者之刃,3
心灵杀手,3
德军总部之新秩序,3
推箱子,3
蝙蝠侠之阿卡姆起源,3
襄樊同城游戏,3
让子弹飞,3
整蛊邻居2,3
超级赚钱大亨,3
耻辱Win7版,3
半条命2第二章,3
变形金刚2卷土重来,3
国家崛起2传奇延续,2
5399全民沙巴克,2
大海贼,2
兽人必须死,2
传奇归来,2
GBR特种突击队,2
土地抢夺者,2
以撒的结合之重生,2
命令与征服4泰伯利亚的黄昏,2
传奇3,2
WWE2008,2
X战警前传金刚狼,2
反恐精英：零点行动,2
60秒,2
51区,2
主宰西游2,2
剌松战机,2
中世纪2全面战争之王国,2
丧尸围城2之绝密档案,2
万界,2
大国战,2
反恐特遣队3,2
半神,2
剑踪,2
120日元系列全集,2
大鱼吃小鱼2,2
部落争霸,2
末日拾荒者,2
月华剑士2,2
范特西篮球经理2,2
暗黑血统,2
荣誉勋章,2
荣誉勋章之先头部队,2
荣誉勋章之空降神兵,2
荣誉勋章之血战太平洋,2
蓝鲸核潜艇,2
无限试驾之法拉利,2
无限试驾2,2
无双大蛇Z,2
无双大蛇,2
西游记释厄传一代,2
整蛊邻居,2
赤壁,2
超级街霸4,2
拳王2001版forwin2000,2
边锋游戏,2
达芬奇密码,2
逃命飙车,2
战无止境,2
战斗吧剑灵模拟器版,2
杀出重围3人类革命,2
标准坦克大战,2
棋天大圣,2
海底寻宝,2
疯狂出租车,2
生化危机浣熊市行动,2
疯狂麦克斯,2
玩具塔防,2
玛丽摩托越野,2
盟军敢死队3,2
热血江湖单机版,2
真三国无双online,2
游戏网大主宰传说,2
神奇蜘蛛侠,2
活死人之地,2
模拟人生3,2
洛克人,2
泡泡战士,2
秘密潜入,2
死神狂潮,2
空中冲突：太平洋航母,2
死亡空间2,2
红警95,2
罗马之子,2
罗马全面战争,2
模拟城市4,2
通缉犯命运武器,2
无冬OL,2
电锯惊魂,2
龙城,2
魔力宝贝,2
魔兽争霸2黑暗之门,2
尘埃3,2
马克思佩恩3,2
小斗士LF2,2
小小地下城H5版,2
射雕英雄传OL,2
心魔,2
雷电3,2
恐怖黎明,2
黑色洛城,2
孤单枪手之英雄回归,2
太古遮天,2
实况足球8中国风暴,2
魔龙诀之热血沙城,2
成吉思汗3,2
愤怒的小鸟之星球大战,2
我欲封天,2
愤怒的小鸟太空版,2
黄金矿工,1
疯狂瓶盖,1
紫金岛,1
三角洲5,1
三角洲4,1
黑帮之地,1
三角洲3,1
三国赵云传,1
三国群侠传,1
终极蜘蛛人,1
疯狂医院III,1
3D桌球,1
罪恶装备ISUKA,1
三国志9威力加强版,1
美女餐厅,1
美女餐厅2,1
九星天辰诀,1
3D角斗士,1
龙腾世纪3审判,1
疯狂砸汽车,1
中土世界之魔多阴影,1
龙剑,1
神奇四侠,1
盟军敢死队1之使命召唤,1
监狱建筑师,1
中国游戏中心,1
龙之谷单机版,1
盟军敢死队4打击力量,1
白金岛,1
真人快打,1
破坏者,1
神偷4win7版,1
世界职业摔跤,1
上古神器之二,1
黑金,1
18轮大卡车金属疯狂,1
黑暗之魂2,1
三国志10威力加强版,1
不朽王座模拟器版,1
不义联盟之人间之神Win7版,1
龙珠激斗模拟器版,1
37武神赵子龙,1
3D台球,1
神鬼世界,1
GBA口袋妖怪合集,1
美羊羊卡丁车,1
NBA2K9,1
街头霸王X铁拳,1
街机三国之冰凤降临,1
街霸,1
西游网魔法王座2,1
阿提拉全面战争,1
PES 6实况盛宴,1
要塞：十字军东征,1
警察超级赛车,1
阿拉丁弹珠台,1
阴阳冕,1
超级玛里奥,1
超级街头霸王,1
群星,1
闲人游戏,1
FIFA 13,1
超级食肉男孩,1
NBA2K Online体验服,1
软体虫,1
辰龙游戏,1
逃出无人医护室,1
HEX,1
FIFA 14,1
野蛮踏板车竞速赛2006,1
GTR2,1
行星边际2,1
血腥大陆,1
蝙蝠侠阿甘疯人院,1
疯狂丛林作战,1
FIFA15,1
胜利之日,1
脉动棋牌,1
英雄联盟美服,1
英雄萨姆2,1
xy变态传奇,1
鬼泣3,1
英雄连2win7版,1
鬼武者,1
X战警2狼人复仇,1
顺网KK秀场,1
XY传奇变态1.85版,1
音乐喷泉,1
91y中国象棋,1
TNT,1
霸王,1
荣誉勋章之战士Win7版,1
9377魅影传说,1
雷神之锤4,1
CS1.6(ccgAme版),1
蜘蛛侠破碎维度,1
蝌蚪神曲II,1
雷电2,1
联盟与部落H5版,1
灵域,1
九鼎传说,1
恐龙危机2,1
恶魔城之暗影之王2,1
吞食天地2：三国志风云录,1
战争,1
合金装备,1
战争之人,1
战争前线,1
战国无双2,1
战国无双42,1
战天,1
古墓丽影4,1
战机世界HD版,1
战神3,1
变形金刚之重拳出击,1
战神诀,1
变形金刚之塞伯坦的陨落,1
战锤,1
打手枪,1
抢摊登陆2003空袭,1
拳王2001版forwinxp,1
拿破仑全面战争,1
放逐之城,1
数码世界模拟器版,1
整蛊专家,1
卡车司机2,1
文明4,1
斗破乾坤,1
斗破苍穹OL,1
新丝路,1
新大宋王朝,1
恐龙猎人,1
恐惧专卖3之噩梦影院,1
生化奇兵2,1
喷气式战斗机2015,1
天使在哭泣,1
大白鲨,1
天局,1
天局Ⅱ,1
天空之城,1
太阁立志传5,1
孤岛余生,1
宝石迷阵,1
宝石迷阵2,1
大唐双龙传,1
大冶打拱棋牌,1
坦克大战豪华版,1
小鸡复仇记,1
层层恐惧,1
山脊赛车无限,1
幽浮之内部敌人Win7版,1
幽灵庄园的秘密,1
地球帝国1,1
地狱边境,1
地狱潜者,1
地牢围攻2,1
异型大战铁血战士,1
异形之隔离,1
弓箭手救小人,1
强袭装甲零号WIN7版,1
圣斗士星矢之斗士之魂,1
圣剑英雄传,1
快乐神仙,1
怒战,1
新问鼎,1
加勒比海盗之世界尽头,1
功夫熊猫,1
龙腾世纪起源,1
偷袭珍珠港,1
修魔,1
信长之野望革新12威力加强,1
信长之野望14创造,1
保卫萝卜,1
死亡空间3,1
侠盗猎车4,1
水果忍者,1
沙漠特遣队,1
洛奇,1
洞穴探险,1
海龟岛,1
游秀,1
漫画英雄终极联盟,1
火线行动,1
大航海时代4,1
烈火战神,1
烈焰,1
传奇无双,1
燃烧飞车,1
特种任务,1
狂野足球,1
仙途,1
生化危机0高清重制版,1
生化危机之启示录,1
人偶格斗,1
二次世界大战之斯大林格勒,1
生化奇兵,1
争分夺秒,1
傲视三国之三分天下,1
死亡空间,1
死亡之屋III,1
机战,1
无主之地前传,1
剑客下山,1
剑侠情缘II,1
星尘传说,1
星座指环,1
剑侠世界,1
星球大战原力释放,1
是男人上100层,1
暗黑地牢,1
创想兵团,1
最终幻想13之雷霆归来,1
最终幻想之零式HD,1
木乃伊,1
杀手3契约,1
光环之斯巴达突袭,1
冲突：全球风暴,1
冲突越南,1
权利的游戏第一章,1
极品飞车13,1
极速方块,1
桃花源记,1
模拟农场2013,1
全球行动突袭利比亚,1
横冲直撞2,1
横扫天下,1
欢乐水果H5版,1
武易,1
武装突袭2,1
龙门虎将,1
